{"cameraMode":{"drawMode":0,"name":"Shaded","section":"Shading Mode"},"sceneLighting":true,"audioPlay":false,"sceneViewState":{"showFog":true,"showMaterialUpdate":false,"showSkybox":true,"showFlares":true,"showImageEffects":true,"showParticleSystems":true},"in2DMode":false,"pivot":{"x":95.33685302734375,"y":-32.68714904785156,"z":446.70135498046877},"rotation":{"x":-0.4499552845954895,"y":0.5446013808250427,"z":-0.44565549492836,"w":-0.5498557090759277},"size":1538.8740234375,"orthographic":false}