{"cameraMode":{"drawMode":0,"name":"Shaded","section":"Shading Mode"},"sceneLighting":true,"audioPlay":false,"sceneViewState":{"showFog":true,"showMaterialUpdate":false,"showSkybox":true,"showFlares":true,"showImageEffects":true,"showParticleSystems":true},"in2DMode":false,"pivot":{"x":-43.367977142333987,"y":8.819487571716309,"z":24.568784713745118},"rotation":{"x":-0.08498989045619965,"y":-0.9104941487312317,"z":0.23472817242145539,"w":-0.32966968417167666},"size":2.0660252571105959,"orthographic":false}